Track name,Artist name,Album,Playlist name,Type,ISRC,Apple - id
abnormalize,凛として時雨,abnormalize - Single,A-night hi,Playlist,,574767992
Follow Me,伊藤君子,イノセンス Original Soundtrack,A-night hi,Playlist,JPVI00402840,911385057
Passion (Remastered 2018),宇多田ヒカル,ULTRA BLUE (2018 Remastered Album),A-night hi,Playlist,JPPO01806078,1444982812
Enigmatic Feeling,凛として時雨,Enigmatic Feeling - Single,A-night hi,Playlist,,932252167
grilletto,GARNiDELiA,grilletto - EP,A-night hi,Playlist,,952268821
月光,鬼束ちひろ,月光 - Single,A-night hi,Playlist,,1114637544
Theme of Laura,山岡晃,SILENT HILL 2(Original Soundtrack),A-night hi,Playlist,JPKI00150420,528515994
Promise,山岡晃,SILENT HILL 2(Original Soundtrack),A-night hi,Playlist,JPKI00150710,528516064
流星群,鬼束ちひろ,SINGLES 2000-2003,A-night hi,Playlist,,1114639395
ワスレナグサ,GARNiDELiA,Desir - EP,A-night hi,Playlist,,1266194938
Asylums for the feeling feat. Leila Adu,SILENT POETS,dawn,A-night hi,Playlist,JPB531800001,1337983629
東京 feat. 5lack [Extended DUB],SILENT POETS,dawn,A-night hi,Playlist,JPB531800004,1337983668
名前のない怪物,EGOIST,名前のない怪物,A-night hi,Playlist,,577677650
栄光の男,サザンオールスターズ,ピースとハイライト,A-night hi,Playlist,,i.XMKpRf1vgB3
Body Featuring JD Braithwaite -Airvox Vocal Mix-,Tomoki Hirata,beat mania TOMOKI HIRATA,A-night hi,Playlist,,i.4aeziL2El4
Path Vol. 2 (feat. Sandra Nasic),アポカリプティカ,Cult,A-night hi,Playlist,DEN120100464,1646530801
Watch Dogs Theme,Hudson Mohawke,Ded Sec - Watch Dogs 2 (Original Game Soundtrack),A-night hi,Playlist,GBBPW1600162,1169473445
Play N Go,Hudson Mohawke,Ded Sec - Watch Dogs 2 (Original Game Soundtrack),A-night hi,Playlist,GBBPW1600154,1169473436
夢と希望の平原,トビー・フォックス,DELTARUNE Chapter 1 オリジナルサウンドトラック,A-night hi,Playlist,QZ6K41802234,1443724700
Django (Vocal English Version),ルイス・バカロフ,Django (Original Motion Picture Soundtrack) [Remastered],A-night hi,Playlist,ITD060200028,491301167
The Master of the Mystic End Credits,マイケル・ジアッチーノ,Doctor Strange (Original Motion Picture Soundtrack),A-night hi,Playlist,,1163360857
アタラクシア,"rhu from ""colorvariation""",Fate/hollow ataraxia ORIGINAL SOUNDTRACK,A-night hi,Playlist,,i.WmpaguaxKeq
hollow,Number 201 feat. rhu,Fate/hollow ataraxia ORIGINAL SOUNDTRACK,A-night hi,Playlist,,i.mmZ9ZIAlmRX
stranger,KATE,Fate/hollow ataraxia ORIGINAL SOUNDTRACK,A-night hi,Playlist,,i.ld7MBUX8zKZ
Happppppppppy,dubstronica,Hap∞py,A-night hi,Playlist,,i.XRA2xT1vgB3
Obstacles,Syd Matters,Obstacles - Single,A-night hi,Playlist,FRP090400160,59723713
Progress,Kokua,Progress - EP,A-night hi,Playlist,,i.lmEOBUX8zKZ
Dear Mr. Fantasy (2010 Remaster),トラフィック,Revolutions: The Very Best Of Steve Winwood (iTunes Deluxe),A-night hi,Playlist,GBUM71002719,1444195183
The Descent,Logan Gabriel,Spaceplan (Original Soundtrack),A-night hi,Playlist,QMPKX1775376,1233377554
Stay Alive,ホセ・ゴンザレス,The Secret Life of Walter Mitty (Music From and Inspired By the Motion Picture / Soundtrack),A-night hi,Playlist,,824975205
Hopes and Dreams,Garoad,VA-11 Hall-A (Original Soundtrack: Second Round),A-night hi,Playlist,USHM91675835,1190745095
Welcome to VA-11 Hall-A,Garoad,VA-11 Hall-A (Original Soundtrack: Second Round),A-night hi,Playlist,USHM91675837,1190745097
Every Day Is Night,Garoad,VA-11 Hall-A (Original Soundtrack: Second Round),A-night hi,Playlist,USHM91675838,1190745098
Crosses (Remastered 2023),ホセ・ゴンザレス,Veneer (20th Anniversary Deluxe Edition),A-night hi,Playlist,SENAA2300105,1700502068
Easy Way Out,Low Roar,0,A-night hi,Playlist,USXLG1400202,905276521
I'll Keep Coming,Low Roar,0,A-night hi,Playlist,USXLG1400204,905276554
Driver's High,L'Arc〜en〜Ciel,The Best of L'Arc-en-Ciel 1998-2000,A-night hi,Playlist,,569964381
私とワルツを,鬼束ちひろ,the ultimate collection,A-night hi,Playlist,,1114639486
タイガー&ドラゴン,クレイジーケンバンド,タイガー&ドラゴン - EP,A-night hi,Playlist,JPV500400011,517568185
カイネ/救済,Square Enix Music,ニーア ゲシュタルト & レプリカント オリジナル・サウンドトラック,A-night hi,Playlist,JPA841000089,366643257
beatmania 5keys nonstop vol.02,204@notes.80,ニコニコ動画,A-night hi,Playlist,,i.b1aE4ckb7Gz
'You Are The Reason Galvanize Mix',,ニコニコ動画,A-night hi,Playlist,,i.bVLXTkb7Gz
FANTASTIC MAGIC,TK from 凛として時雨,ニンジャスレイヤー フロムコンピレイション 殺,A-night hi,Playlist,,i.mZlZGtAlmRX
Fallen,EGOIST,Fallen - EP,A-night hi,Playlist,,937057737
traces,TaQ,bounce connected,A-night hi,Playlist,JPZ920606306,i.bQ69Ukb7Gz
Dirge for the Planet,Firelak,STALKER,A-night hi,Playlist,,i.eo19rH1k40X
Tom Jones - This is my happiness (Sp,,youtube,A-night hi,Playlist,,i.DWbGmt5R81p
Poznan,Low Roar,"Once In A Long, Long While...",A-night hi,Playlist,QM5L61700010,1221936078
BB's Theme (from Death Stranding),ルートヴィヒ・フォルセル & Jenny Plant,Death Stranding (Original Score),A-night hi,Playlist,USGSS1900344,1485424738
Everything Is Going to Be Okay,Mick Gordon,Prey (Original Game Soundtrack),A-night hi,Playlist,QMTH31600064,1532363203
Renegade,"塞壬唱片-MSR, Substantial, X. ARI & Jason Walsh",Renegade - Single,A-night hi,Playlist,TWU712004909,1572633541
'Til It's Over,アンダーソン・パーク,'Til It's Over - Single,A-night hi,Playlist,USUYG1187209,1355644460
ヒトリノ夜,ポルノグラフィティ,ロマンチスト・エゴイスト,A-night hi,Playlist,JPSR09915082,1537350353
Path (Acoustic at Xm Radio (Live)),アポカリプティカ,End of Me - Single,A-night hi,Playlist,DEE861000224,1649907646
Fade Away,Low Roar,maybe tomorrow...,A-night hi,Playlist,USXLG2100105,1564600921
Paint It Black,The Rolling Stones,Hot Rocks 1964-1971 (Remastered),blackops,Playlist,USA171010213,1440745782
Adrenaline,Jack Wall,CALL OF DUTY®: BLACK OPS II,blackops,Playlist,,i.e1egt1k40X
Pentagon,Sean Murray,Call of Duty: Black Ops (Original Game Soundtrack),blackops,Playlist,USZXT1055741,1542627830
Avenged Sevenfold - Carry On (Availa,,Call of Duty: BlackOps2,blackops,Playlist,USWB11202570,564450154
Back In Black,AC/DC,Back In Black,blackops,Playlist,AUAP08000046,574050602
Rooftops,Sean Murray,Call of Duty: Black Ops (Original Game Soundtrack),blackops,Playlist,USZXT1055753,1542627842
Nightmare,Avenged Sevenfold,Nightmare,blackops,Playlist,USWB11001149,378658664
Welcome to the Family,Avenged Sevenfold,Nightmare,blackops,Playlist,USWB11001432,378658665
Ignition,Brian Tuey,Call of Duty: Black Ops III (Official Soundtrack),blackops,Playlist,USA2P1543871,1542783519
Raining the Fire,"ジャック・ウォール, ROMES & Big Giant Circles",Call of Duty®: Black Ops 6 (Original Soundtrack),blackops,Playlist,QZZ8A2461278,1774169905
Cold War,ジャック・ウォール,Call of Duty® Black Ops: Cold War (Official Game Soundtrack),blackops,Playlist,USLZJ2065930,1538244574
Rising Tide,ジャック・ウォール & Big Giant Circles,Call of Duty® Black Ops: Cold War (Official Game Soundtrack),blackops,Playlist,USLZJ2065933,1538244727
Left Hand Free,alt-J,This Is All Yours,DP ,Playlist,GBZUZ1400272,1620183338
Down On the Street,ザ・ストゥージス,Fun House (Deluxe Edition) [2005 Remaster],DP ,Playlist,USEE10501225,82454736
I Gotsta Get Paid,ZZトップ,La Futura,DP ,Playlist,,551338288
スパッズ,N.E.R.D,Seeing Sounds,DP ,Playlist,USUM70813615,1440771155
Run Through the Jungle,クリーデンス・クリアウォーター・リヴァイヴァル,Best of Creedence Clearwater Revival,DP ,Playlist,USFI87000057,1440926816
Paranoid,Black Sabbath,Paranoid (2009 Remastered Version),DP ,Playlist,USWB11304628,1533659669
GOING PANZER WAY!,あんこうチーム,音楽道、はじめました! - EP,DP ,Playlist,JPI101600122,i.GXx12HOPEK6
Killing Strangers,マリリン・マンソン,The Pale Emperor,DP ,Playlist,,1853095655
What Went Down,フォールズ,What Went Down,DP ,Playlist,GBAHT1500379,1552267617
Paradise City,ガンズ・アンド・ローゼズ,Appetite for Destruction,DP ,Playlist,USGF18714806,1377826748
Crosstown Traffic,ザ・ジミ・ヘンドリックス・エクスペリエンス,Experience Hendrix: The Best of Jimi Hendrix,DP ,Playlist,USQX90900737,344799961
"ハッピー (From ""Despicable Me 2"")",Pharrell Williams,G I R L,DP ,Playlist,USQ4E1300686,863835363
Shoop,Salt-N-Pepa,Very Necessary,DP ,Playlist,,1255189442
Ghostbusters,Ray Parker Jr.,Ghostbusters,DP ,Playlist,USAR18400117,1484413134
Feuer Frei,Rammstein,Mutter,DP ,Playlist,DEN120100007,1440771498
Rollin' (Air Raid Vehicle),リンプ・ビズキット,Chocolate Starfish and the Hot Dog Flavored Water,DP ,Playlist,,1018961603
"LOCOMOTION, MORE! MORE!",the pillows,ニンジャスレイヤーフロムコンピレイション伐,DP ,Playlist,JPZ921601518,1114444196
マンピーのG★SPOT,サザンオールスターズ,海のYeah!!,DP ,Playlist,JPVI09509010,949272150
Barra Barra,Rachid Taha,「ブラックホーク・ダウン」 (Soundtrack from the Motion Picture),DP ,Playlist,FRZ010001290,1434910950
I'm Back (to Rise!) [feat. Omega Sparx],Mick Gordon,"Killer Instinct (Original Game Soundtrack), Season 2",DP ,Playlist,USQY51588499,1023613039
SCREAM,Large House Satisfaction,ニンジャスレイヤーフロムコンピレイション伐,DP ,Playlist,,i.e5PeXH1k40X
Can't stop me,ProleteR,Feeding the lions EP,DP ,Playlist,,i.WXPAgSaxKeq
Stereosun,ProleteR,Rookie EP,DP ,Playlist,,i.JxqvNTlb16e
いけないボーダーライン,ワルキューレ,いけないボーダーライン - Single,dp3,Playlist,JPVI01539450,i.DQDJRT5R81p
Paint it Out!!!!,KNOCK OUT MONKEY,INPUT ∝ OUTPUT,dp3,Playlist,JPC401307001,818141897
好敵手です!,浜口史郎,『ガールズ&パンツァー 劇場版』オリジナルサウンドトラック,dp3,Playlist,JPI101501978,i.XRlLzU1vgB3
The Sound,THE 1975,君が寝てる姿が好きなんだ。なぜなら君はとても美しいのにそれに全く気がついていないから。,dp3,Playlist,,1067233951
Godzilla (feat. Serj Tankian),ベアー・マクレアリー,ゴジラ キング・オブ・モンスターズ (オリジナル・サウンドトラック),dp3,Playlist,USNLR1900135,1460855478
The Gong of Knockout,"Fear, and Loathing in Las Vegas",The Gong of Knockout - Single,dp3,Playlist,JPWP01900569,1464517655
HOPE,KNOCK OUT MONKEY,0 → Future,dp3,Playlist,JPC401206005,1459830449
リライト,ASIAN KUNG-FU GENERATION,ソルファ,dp3,Playlist,,570082359
The Hell Song,SUM 41,ダズ・ディス・ルック・インフェクテッド?,dp3,Playlist,,14151896
Play On Feat. Pep Love (Hieroglyphics),DJ DECKSTREAM,Deckstream Soundtracks,dp3,Playlist,JPH490702002,264692799
テテ,近藤 晃央,テテ - Single,dp3,Playlist,,580766594
天道虫,THE YELLOW MONKEY,天道虫 - Single,dp3,Playlist,JPWP01801432,1438847710
True High,GARNiDELiA,True High - Single,dp3,Playlist,,787059935
ROCK OVER JAPAN,TRIPLE H <高倉陽毬(CV:荒川美穂)、伊空ヒバリ(CV:渡部優衣)、歌田光莉(CV:三宅麻理恵)>,HHH 「輪るピングドラム」キャラクターソングアルバム,dp3,Playlist,JPKI01118519,485609969
Louder,KNOCK OUT MONKEY,HELIX,dp3,Playlist,JPC401704011,1253780749
ベイビーユニバース,野宮真貴,みんな大好き塊魂 オリジナル・サウンドトラック「塊は魂」,dp3,Playlist,,i.XMYD4t1vgB3
Master of Puppets,メタリカ,メタル・マスター,dp3,Playlist,,1271536392
REAL×EYEZ TVsize,J×Takanori Nishikawa,REAL×EYEZ - EP,dp3,Playlist,JPB601902864,1491889090
らしさ,SUPER BEAVER,愛する,dp3,Playlist,JPZ921412094,1502194358
3WW,alt-J,RELAXER (Deluxe Edition),dp3,Playlist,,1627557377
Lose Control,絢香,レインボーロード,dp3,Playlist,JPB601501594,975415393
A Moment Apart,ODESZA,A Moment Apart,dp3,Playlist,GBCFB1700210,1244091072
Tessellate,alt-J,An Awesome Wave (Deluxe Version),dp3,Playlist,,1627038549
Something Good,alt-J,An Awesome Wave (Deluxe Version),dp3,Playlist,,1627038554
Show Me How to Live,オーディオスレイヴ,Audioslave,dp3,Playlist,USSM10211589,163301728
WALKIN' IN THE SUN,YUKIHIRO FUKUTOMI featuring MOMOKO SUZUKI,beatmania CLUB MIX Original Sound Track,dp3,Playlist,,i.eXl8F1k40X
FALLING (Yukihiro Fukutomi Remix),COSA NOSTRA,beatmania CLUB MIX Original Sound Track,dp3,Playlist,,i.Gk6aFOPEK6
VENUS ON YOUR MIND,H II H,beatmania CLUB MIX Original Sound Track,dp3,Playlist,,i.X9azH1vgB3
Ain't I,Lizzo,Big GRRRL Small World,dp3,Playlist,,i.mZJYBtAlmRX
F%# Up the Party,Rum Committee,Boozetown,dp3,Playlist,FR6V81456902,582336983
Buikikaesu!!,MAXIMUM THE HORMONE,Buiikikaesu,dp3,Playlist,,i.e50BWc1k40X
Zetsubo Billy,MAXIMUM THE HORMONE,Buiikikaesu,dp3,Playlist,,i.bdepAHkb7Gz
First Steps,Lena Raine,Celeste (Original Soundtrack),dp3,Playlist,QZARB1852741,1544899660
Reach for the Summit,Lena Raine,Celeste (Original Soundtrack),dp3,Playlist,QZARB1852757,1544899676
ゴーストタウン (Sever the Skyline Mix),Maxo,Celeste B-Sides (Original Game Soundtrack),dp3,Playlist,QZ6K41800272,1351083014
Chippin' In (feat. Refused),SAMURAI,Chippin' In (feat. Refused) - Single,dp3,Playlist,PLI361934190,1470424836
Club Foot,Kasabian,Club Foot - EP,dp3,Playlist,,i.RKE3t31p2x
Cells,The Servant,Collection,dp3,Playlist,FR4GL1029468,1598145785
"I Got a Name (From ""Django Unchained"")",London Sounds Band,Cool Soft Rock from the Movies,dp3,Playlist,,i.JxRVKUlb16e
Sine Language (feat. LMFAO),クリスタル・メソッド,Divided By Night (Bonus Track Version),dp3,Playlist,US95X0900008,1494017819
Basket Case,Green Day,Dookie,dp3,Playlist,,i.WgR6uaxKeq
The Pretender,フー・ファイターズ,"Echoes, Silence, Patience & Grace",dp3,Playlist,USRW30700007,262743414
Supersonic Rocket Ship (2022 Remaster),ザ・キンクス,Everybody's in Show-Biz (Deluxe) [2022 Remaster],dp3,Playlist,GB5KW2201455,1632411801
Find Yourself,Great Good Fine OK & Before You Exit,Find Yourself - Single,dp3,Playlist,GBKPL1782024,1714735108
Harlem Shuffle,ボブ&アール,Frat Party - Soul Music Edition (Rerecorded Version),dp3,Playlist,USDEI6400001,1027607784
Go my way,矢井田 瞳,Go my way - Single,dp3,Playlist,JPB850681801,138045218
Boogie Wonderland (with The Emotions),アース・ウィンド・アンド・ファイアー,Greatest Hits,dp3,Playlist,USSM19922860,523223725
Gimme Shelter,The Rolling Stones,GRRR! (Deluxe Version),dp3,Playlist,USA171910010,1500642840
Mexican Flyer,スキーウィッフ,Miniskirt - Single,dp3,Playlist,GBFBC0200076,1105858644
Love,Unloved,Heartbreak,dp3,Playlist,UKC9J1802003,1435557970
You! Me! Dancing!,Los Campesinos!,Hold On Now Youngster...,dp3,Playlist,GBDNH1800037,1828868864
Hysteria,ミューズ,Hysteria - Single,dp3,Playlist,GBCVT0300083,317961372
オオカミ少女,GARNiDELiA,Linkage Ring,dp3,Playlist,,952268820
Enter Sandman (Live),メタリカ,Metallica Through the Never (Music From the Motion Picture),dp3,Playlist,QMKHM1300013,1440872859
Never Fade Away,SAMURAI,Never Fade Away - Single,dp3,Playlist,PLI361935190,1474077432
人にやさしく(カバー),THE ROLLING GIRLS,TVアニメ「ローリング☆ガールズ」主題歌集 THE ROLLING GIRLS 「人にやさしく」 - EP,dp3,Playlist,JPPC01402839,955397800
月の爆撃機(カバー),THE ROLLING GIRLS,TVアニメ「ローリング☆ガールズ」主題歌集 THE ROLLING GIRLS 「人にやさしく」 - EP,dp3,Playlist,JPPC01402840,955397801
Player,chelmico,POWER,dp3,Playlist,JPWP01870825,1403869400
Wake Me Up,アヴィーチー,True,dp3,Playlist,SEUM71301326,1440821579
REAL×EYEZ,J×Takanori Nishikawa,REAL×EYEZ - EP,dp3,Playlist,JPB601904011,1491889086
ルーズ・ユアセルフ (『8マイル～ミュージック・フロム・アンド・インスパイアード・バイ・ザ・モーション・ピクチャー』より),エミネム,Curtain Call: The Hits (Deluxe Edition),dp3,Playlist,USIR10211559,1445727316
ア・ハード・デイズ・ナイト (2009 - Remaster),ビートルズ,A Hard Day's Night,dps,Playlist,GBAYE0601438,1441164417
American Idiot,Green Day,American Idiot [Bonus Track],dps,Playlist,,i.lVKPfX8zKZ
Boom (The Crystal Method Mix),P.O.D,Amplitude Original Game Audio,dps,Playlist,,i.WmM4gUaxKeq
Are You Gonna Be My Girl,JET,Get Born (Deluxe Edition),dps,Playlist,USEE10340526,1778048261
Baby Driver,サイモン&ガーファンクル,Baby Driver (Music from the Motion Picture),dps,Playlist,USSM10103874,1241111369
Bangarang (feat. Sirah),Skrillex,Bangarang,dps,Playlist,USAT21104243,491596647
bloom in the air,YUSUKO OYA,beatmania GOTTAMIX2 ~Going Global~ Original Soundtracks,dps,Playlist,,i.lmqeQuX8zKZ
Blueberry Stream,D.J.TAKA,beatmania IIDX 6th Style Original Soundtrack,dps,Playlist,,i.Xv5QS1vgB3
Marmalade Reverie,Orange Lounge,beatmania IIDX 7th style Original Soundtrack,dps,Playlist,,i.DY6Qf5R81p
Don't Give Up!,布袋寅泰,COME RAIN COME SHINE,dps,Playlist,JPTO01202398,1443588772
Crazy,ナールズ・バークレイ,Crazy / Just a Thought - Single,dps,Playlist,GBAHT0600164,135149687
Lose Yourself,Eminem,DJ Hero: Renegade Edition [Disc 1] [Explicit],dps,Playlist,,99021906
Welcome To Paradise,Green Day,Dookie,dps,Playlist,,i.RgxYS31p2x
セプテンバー,アース・ウィンド・アンド・ファイアー,Greatest Hits,dps,Playlist,USSM17800845,1456444818
Don't Stop Me Now,クイーン,Greatest Hits,dps,Playlist,,932534753
繚乱ヒットチャート,ギラギラメガネ団,GuitarFreaksV3 & DrummaniaV3 Original Soundtracks,dps,Playlist,,i.GEdAaFOPEK6
Rubberband Man,スピナーズ,Happiness Is Being With the Spinners,dps,Playlist,USAT20612256,204724060
It Starts,Alex Metric,It Starts - EP,dps,Playlist,GBCTW0900320,1735549272
Bleed American,ジミー・イート・ワールド,Jimmy Eat World,dps,Playlist,USDW10110237,1450030108
The Beautiful People,マリリン・マンソン,Lest We Forget: The Best of Marilyn Manson,dps,Playlist,USIR19601008,1440792853
1sec.,10-FEET,Life is sweet,dps,Playlist,JPPO00900850,1440744815
Battery,メタリカ,Master of Puppets (Remastered),dps,Playlist,,1271535910
drama free (feat. Lights),デッドマウス,Polar (Music from the Netflix Film),dps,Playlist,GBTDG1301538,1809877001
Bleed It Out,LINKIN PARK,Minutes to Midnight,dps,Playlist,USWB11201139,528975366
Godzilla (feat. Juice WRLD),エミネム,Music To Be Murdered By,dps,Playlist,USUM72000788,1495267448
"Another Day of Sun (From ""La La Land"" Soundtrack)",La La Land Cast,La La Land (Original Motion Picture Soundtrack),dps,Playlist,USUG11600653,1440895879
Natural Born Killer,Avenged Sevenfold,Nightmare,dps,Playlist,USWB11001435,378658668
Classic Arcade Medley,Video Games Live,Level 6,dps,Playlist,USL4Q1881750,1445915777
...To Be Loved,パパ・ローチ,The Paramour Sessions,dps,Playlist,,185535271
Iron Man,Black Sabbath,Paranoid (2009 Remastered Version),dps,Playlist,USWB11304630,1533659672
デイ・トリッパー (2009 - Remaster),ビートルズ,"Past Masters, Vols. 1 & 2",dps,Playlist,GBAYE0900590,1441134091
ドールメイクのうた,月子,PLACHTA ソフィーのアトリエ〜不思議な本の錬金術士〜ボーカルアルバム,dps,Playlist,JPD101550562,1072735486
Wake Up,レイジ・アゲインスト・ザ・マシーン,Rage Against the Machine,dps,Playlist,USSM19200665,191451241
Re:make,ONE OK ROCK,Re:make / NO SCARED,dps,Playlist,,i.DVW2NF5R81p
Hip Hop My Friend,Pep Love,The Rigmarole,dps,Playlist,US28M1200019,507253707
Throw It Back (feat. Taskrok),Proleter,Rookie,dps,Playlist,TCACB1452237,1749309866
BLAZING,GARNiDELiA,GARNiDELiA BEST,dps,Playlist,,1487748839
LOVE TOGETHER,NONA REEVES,DESTINY,dps,Playlist,JPWP00000430,460477666
DJ!DJ!〜とどかぬ想い〜,NONA REEVES,DESTINY,dps,Playlist,JPWP00004400,460477688
キルミスター,BORIS,ニンジャスレイヤー フロムコンピレイシヨン 忍,dps,Playlist,,i.GXeX2HOPEK6
MUGEN ROAD,三代目 J Soul Brothers from EXILE TRIBE,HiGH & LOW ORIGINAL BEST ALBUM,dps,Playlist,JPB601601701,1119428179
SIN,ACE OF SPADES feat.登坂広臣,HiGH & LOW ORIGINAL BEST ALBUM,dps,Playlist,JPB601601886,1119428193
ヒプノシスマイク -Division Rap Battle- +,ヒプノシスマイク -D.R.B- (Division All Stars),ヒプノシスマイク -Division Rap Battle- + - Single,dps,Playlist,JPKI01915565,1480639086
ヒプノシスマイク -Division Battle Anthem-,ヒプノシスマイク -D.R.B- (Division All Stars),ヒプノシスマイク -Division Battle Anthem- - Single,dps,Playlist,JPKI01814026,1373593398
1/6の夢旅人2002,樋口了一,1/6の夢旅人2002,dps,Playlist,JPZ920702560,261733307
スリル,布袋寅泰,布袋寅泰: Greatest Hits 1990-1999,dps,Playlist,JPTO09532790,1443569365
Doom Crossing: Eternal Horizons (feat. Natalia Natchan),The Chalkeaters,Doom Crossing: Eternal Horizons (feat. Natalia Natchan) - Single,dps,Playlist,,1508368649
Girl On Saxophone X,東京スカパラダイスオーケストラ,Paradise Has NO BORDER,dps,Playlist,JPB601700655,1208388932
ヒプノシスマイク -Division Battle Anthem-+,ヒプノシスマイク -D.R.B- (Division All Stars),ヒプノシスマイク -Division Battle Anthem-+ - Single,dps,Playlist,JPKI02011497,1499752465
We Didn't Start the Fire,ビリー・ジョエル,Storm Front,dps,Playlist,USSM18900217,158619054
Smell of the Game (『NEW GUILTY GEAR』Promotion Music),石渡 太輔 & 橋本 直樹,Smell of the Game (『NEW GUILTY GEAR』Promotion Music) - Single,dps,Playlist,TCJPJ1986213,1485692456
アイデンティティ,サカナクション,アイデンティティ,SWP2,Playlist,JPVI01016260,382574543
Here We Go,クリス・クラシック,Here We Go - Single,SWP2,Playlist,QZHN61955253,1481911471
"1,000,000 MONSTERS ATTACK",SOUL'd OUT,To All Tha Dreamers,SWP2,Playlist,,574003079
ヒプノシスマイク -Rhyme Anima-,ヒプノシスマイク -D.R.B- (Division All Stars),ヒプノシスマイク -Rhyme Anima- - Single,SWP2,Playlist,JPKI02015609,1538704723
Dinero (feat. Cerbeus),Konrad OldMoney & 7 Facas,"Cyberpunk 2077: Radio, Vol. 1 (Original Soundtrack)",SWP2,Playlist,USLS52074905,1545493795
Chippin’ In,"P.T. Adamczyk, Damian Ukeje & Kerry Eurodyne","Cyberpunk 2077: Radio, Vol. 3 (Original Soundtrack)",SWP2,Playlist,USLS52085307,1545698033
Big Blast Sonic,Little V.,Big Blast Sonic - Single,SWP2,Playlist,QZFZ71969868,1647347997
A Like Supreme,SAMURAI,A Like Supreme - Single,SWP2,Playlist,PLI361125670,1527113852
Blue Monday,ニュー・オーダー,Total (Deluxe Version),SWP2,Playlist,GBCRL1100216,439807777
Sub Culture [Dieselboy + Kaos Rock Remix),Dieselboy,Amplitude Original Game Audio,SWP2,Playlist,,i.JLQGaUlb16e
Welcome To The Jungle,ガンズ・アンド・ローゼズ,Appetite For Destruction (Super Deluxe),SWP2,Playlist,USGF18714801,1377826728
Cochise,オーディオスレイヴ,Audioslave,SWP2,Playlist,USSM10211584,163301720
Carry On,アヴェンジド・セヴンフォールド,Black Reign - EP,SWP2,Playlist,USWB11202570,1435525059
BATTLE BREAKS,Dj Takawo,beatmania 5th MIX Original Soundtrack,SWP2,Playlist,,i.Xe7zH1vgB3
Calling,Strung Out,Blackhawks Over Los Angeles,SWP2,Playlist,USFW40772101,291810063
Blackhawks Over los Angeles,Strung Out,Blackhawks Over Los Angeles,SWP2,Playlist,USFW40772102,291810064
ドーパミン,U1 overground,DanceDanceRevolution Original Soundtrack Vol.2,SWP2,Playlist,JPM201500063,i.mZBvZSAlmRX
Gypsy Valley,N.O.H.A.,DJ ClicK - Flavour,SWP2,Playlist,DEN970700030,316629034
Ace Of Spades vs. Groundhog,Motörhead vs. NOISIA,DJ Hero Soundtrack,SWP2,Playlist,,i.ld57rUX8zKZ
Beats And Pieces,The Scratch Perverts,DJ Hero Soundtrack,SWP2,Playlist,,i.RBoJYU31p2x
Robot Rock vs. We Will Rock You,Daft Punk vs. Queen,DJ Hero Soundtrack,SWP2,Playlist,,i.DV2p2H5R81p
Eye of the Tiger,サバイバー,Eye of the Tiger (Remastered),SWP2,Playlist,USVR19300001,254685026
Too Old to Die Young,Brother Dege,Folk Songs of the American Longhair,SWP2,Playlist,USCGH1055885,360143637
"Dance, Dance",フォール・アウト・ボーイ,From Under the Cork Tree,SWP2,Playlist,,68246092
(I Can't Get No) Satisfaction,ザ・ローリング・ストーンズ,Hot Rocks 1964-1971,SWP2,Playlist,,658774100
Vertigo,U2,How to Dismantle an Atomic Bomb,SWP2,Playlist,GBAAN0400573,1440888522
Shoot to Thrill,AC/DC,Iron Man 2,SWP2,Playlist,AUAP08000042,574050498
Barracuda,ハート,Little Queen,SWP2,Playlist,USSM10009075,193520079
Enter Sandman,メタリカ,Metallica (Deluxe Box Set),SWP2,Playlist,QMKHM1900001,1571983951
Bellbottoms,ザ・ジョン・スペンサー・ブルース・エクスプロージョン,Orange (Deluxe),SWP2,Playlist,US2391611701,1248523415
アポロ,ポルノグラフィティ,PORNO GRAFFITTI BEST BLUE'S,SWP2,Playlist,,i.Jr4eFlb16e
ミュージック・アワー,ポルノグラフィティ,PORNO GRAFFITTI BEST RED'S,SWP2,Playlist,,i.4mzxTL2El4
Falling to Pieces,Faith No More,The Real Thing,SWP2,Playlist,GBANC8900005,83385470
RIDGE RACERS2 SPECIAL MEGAMIX,大久保　博,RIDGE RACERS2,SWP2,Playlist,,i.XM35PH1vgB3
Shin Takara Jima,sakanaction,Shin Takara Jima - EP,SWP2,Playlist,JPVI01527970,1039793121
Venus,ショッキング・ブルー,Shocking Blue: Greatest Hits,SWP2,Playlist,NLC286900001,81489347
Carry On Wayward Son,カンサス,The Best of Kansas,SWP2,Playlist,USSM17600874,158580367
Monkey Wrench,Foo Fighters,The Colour and the Shape,SWP2,Playlist,,i.mMB9iAlmRX
Doom and Gloom,ザ・ローリング・ストーンズ,The Complete Collection 1971-2013,SWP2,Playlist,,659465896
Berzerk,エミネム,The Marshall Mathers LP2 (Deluxe Version),SWP2,Playlist,,731899013
Survival,エミネム,The Marshall Mathers LP2 (Deluxe Version),SWP2,Playlist,,731898990
Know Your Enemy,Green Day,21st Century Breakdown,SWP2,Playlist,USRE11200288,1156538980
21st Century Breakdown,Green Day,21世紀のブレイクダウン(Japan Version),SWP2,Playlist,USRE11200287,1156538978
Godzilla Main Title,ベアー・マクレアリー,ゴジラ キング・オブ・モンスターズ (オリジナル・サウンドトラック),SWP2,Playlist,USNLR1900136,1460855480
キャラバン,John Wasson,セッション (オリジナル・モーション・ピクチャー・サウンドトラック),SWP2,Playlist,US3M51428606,1572919354
シロクマ,JABBERLOOP,CHECK THIS OUT,SWP2,Playlist,JPZ920900929,307221722
Into The Sky,イトクボ,塊ステキ魂,SWP2,Playlist,,i.ldQGPTX8zKZ
Escape From The City ...for City Escape (Sonic Adventure 2),Ted Poley & Tony Harnell,セガ・サウンド・セレクション 2,SWP2,Playlist,JPR501512675,1028311954
The Concept of Love,Hideki Naganuma,Jet Set Radio Future SEGA Original Tracks,SWP2,Playlist,JPR501205530,563465702
Kickstart My Heart,モトリー・クルー,Dr. Feelgood,SWP2,Playlist,USBY29900215,1764396024
青い,ポルカドットスティングレイ,赤裸々 - EP,SWP2,Playlist,JPPO02100988,1565503415
All Pro,ミックス・マスター・マイク,Anti-Theft Device,SWP2,Playlist,US25X2101436,1695709812
Notorious,デュラン・デュラン,Notorious (Deluxe Edition),wp,Playlist,GBAYE1000342,693606402
THE PLAN,トラヴィス・スコット,Tenet (Original Motion Picture Soundtrack) [Deluxe Edition],wp,Playlist,USNLR2000855,1534362164
Hole In the Sun (feat. COS & Conway) [From Cyberpunk 2077],Point Break Candy & Raney Shockne,Hole In the Sun (feat. COS & Conway) [From Cyberpunk 2077] - Single,wp,Playlist,USLS52077201,1529961593
Nothing,Soft Science,Necrobarista (Original Game Soundtrack),wp,Playlist,QMHEK1400001,1714303861
Almost Easy,Avenged Sevenfold,Avenged Sevenfold,wp,Playlist,USWB10703783,266612556
Kyoto (feat. Sirah),Skrillex,Bangarang,wp,Playlist,USAT21104247,491596731
WONDERLAND,X-Treme,beatmania 5th MIX Original Soundtrack,wp,Playlist,,i.DmBNc5R81p
KAKATTEKONKAI,Be.Be,beatmania 5th MIX Original Soundtrack,wp,Playlist,,i.ePJkF1k40X
CAN OF ASS KICKS,Mix Master Mike,beatmania 5th MIX Original Soundtrack,wp,Playlist,,i.lWJ9tX8zKZ
Jack and Mark Get Busy!,Distant Soundz Feat.MC Image,beatmania 6th MIX Original SOUNDTRACK,wp,Playlist,,i.eV0PH1k40X
air,DJ SIMON,beatmania 6th MIX Original SOUNDTRACK,wp,Playlist,,i.4bLWTL2El4
Live & Learn,Crush 40,The Best Of Crush 40: Super Sonic Songs,wp,Playlist,,i.mmYVzuAlmRX
The Ballad of Buck Ravers,SAMURAI,The Ballad of Buck Ravers - Single,wp,Playlist,PLI365536180,1520251779
Blurry,Puddle of Mudd,Come Clean,wp,Playlist,USIR10110581,1450664888
リヴィン・オン・ア・プレイヤー,ボン・ジョヴィ,Cross Road,wp,Playlist,USPR38619998,1423285047
Almost Nothing (feat. Okay Kaya),SILENT POETS,Death Stranding (Songs from the Video Game),wp,Playlist,JPB531900155,1496871858
2 Minutes To Midnight,Iron Maiden,Guitar Hero 5,wp,Playlist,GBCHB1500182,981145792
ヘルプ! (2009 - Remaster),ビートルズ,Help!,wp,Playlist,GBAYE0601465,1441164536
Let There Be Rock,AC/DC,Iron Man 2,wp,Playlist,AUAP07700006,574124486
Thunderstruck,AC/DC,Iron Man 2,wp,Playlist,AUAP09000014,574051407
Monophobia (feat. Rob Swire),デッドマウス,mau5ville: Level 1,wp,Playlist,GBTDG1301491,1824309885
Ragga Bomb,スクリレックス,Recess,wp,Playlist,USAT21400809,833843702
BACK IN BLACK,BOOM BOOM SATELLITES,SHINE LIKE A BILLION SUNS,wp,Playlist,,952660370
The Bomb,Pigeon John,Dragon Slayer,wp,Playlist,US2P21010045,1799498090
劇場支配人のテーマ,THE PINBALLS,ニンジャスレイヤー フロムコンピレイシヨン 忍,wp,Playlist,,i.mZMAzTAlmRX
合法的トビ方ノススメ-SPARK!!SOUND!!SHOW!!　ブチ上げ♂CHERRY BOY REMIX!!!,CREEPY NUTS(R-指定&DJ松永),ニンジャスレイヤーフロムコンピレイション伐,wp,Playlist,,i.JxqaRHlb16e
蒼氓,山下達郎,僕の中の少年,wp,Playlist,,i.Rv2o3F31p2x
希望の轍,稲村オーケストラ,海のYeah!!,wp,Playlist,JPVI09018780,949272139
20th Century Boy,T.Rex,Guitar Hero 5,wp,Playlist,GBAFR7310032,1205398606
No Save Point (From “Cyberpunk 2077”),ラン・ザ・ジュエルズ,RTJ4 (Deluxe Edition),wp,Playlist,QMRSZ2102114,1585790776
S.O Magic,SOUL'd OUT,Flip Side Collection,wp,Playlist,JPSR00204533,1537236724
When It's War,"Deadly Hunta, Maro Music & Footage Missing","Cyberpunk 2077: Radio, Vol. 1 (Original Soundtrack)",wp,Playlist,USLS52074906,1545493796
Ratatata,"Baron Black, Auer & Baron Celine","Cyberpunk 2077: Radio, Vol. 3 (Original Soundtrack)",wp,Playlist,USLS52085302,1545698028
Showdown,Jose Pavli,Project Wingman (Original Soundtrack),wp,Playlist,TCAFG2049756,1542212589
Knights of Cydonia,ミューズ,Black Holes and Revelations,WPCB2025,Playlist,GBAHT1500293,992222005
塊オンザドリーム,"Cassie Wei, 塊魂 シリーズ SOUND TEAM & Bandai Namco Game Music",塊魂 Rolling LIVE オリジナルサウンドトラック-ららまりだましい,WPCB2025,Playlist,JPX832500429,1804487411
This Fffire,フランツ・フェルディナンド,This Fffire - Single,WPCB2025,Playlist,GBCEL0400184,29276049
Holy Wars... The Punishment Due,メガデス,Rust In Peace,WPCB2025,Playlist,USCA29000003,724649275
Campus mode!!,初星学園,Campus mode!! - Single,WPCB2025,Playlist,JPX832004703,1749006701
堕天 - Daten,Creepy Nuts,アンサンブル・プレイ,WPCB2025,Playlist,JPU902202057,1638257265
STARRY NIGHT FEVER,"パン野実々美, 塊魂 シリーズ SOUND TEAM & Bandai Namco Game Music",塊魂 Rolling LIVE オリジナルサウンドトラック-ららまりだましい,WPCB2025,Playlist,JPX832500437,1804489399
Katamari Dancing,"宇都宮隆, 塊魂 シリーズ SOUND TEAM & Bandai Namco Game Music",ビューティフル塊魂 オリジナルサウンドトラック-塊ステキ魂,WPCB2025,Playlist,JPCO00725820,1801340666
INTO THE SKY,"イトクボ, 塊魂 シリーズ SOUND TEAM & Bandai Namco Game Music",ビューティフル塊魂 オリジナルサウンドトラック-塊ステキ魂,WPCB2025,Playlist,JPCO00725870,1801341081
できっこないを やらなくちゃ - From THE FIRST TAKE,サンボマスター,できっこないを やらなくちゃ - From THE FIRST TAKE - Single,WPCB2025,Playlist,JPVI02303643,1705659436
第ゼロ感,10-FEET,第ゼロ感 - Single,WPCB2025,Playlist,JPPO02203957,1652587504
インザバックルーム,syudou,インザバックルーム - Single,WPCB2025,Playlist,JPJ222202256,1839130642
二度寝 - Nidone,Creepy Nuts,二度寝 - Single,WPCB2025,Playlist,JPU902400025,1725258865
かつて天才だった俺たちへ,Creepy Nuts,かつて天才だった俺たちへ,WPCB2025,Playlist,JPU902001862,1526095601
Mugen,ポルノグラフィティ,PORNOGRAFFITTI 15th Anniversary “ALL TIME SINGLES”,WPCB2025,Playlist,JPSR00201042,1537264860
Hammer to Fall (Live Aid),クイーン,ボヘミアン・ラプソディ (オリジナル・サウンドトラック),WPCB2025,Playlist,GBUM71805984,1435375499
ALL I Need Your Love (Long Ver.),"Guhroovy, M-Project",Hardcore Illusionist,WPCB2025,Playlist,,i.DVdB0t5R81p
RUSSIAN ROULETTE,布袋寅泰,RUSSIAN ROULETTE - EP,WPCB2025,Playlist,JPTO00102265,1445279777
創造,星野源,創造 - Single,WPCB2025,Playlist,JPVI02003075,1552839284
アイデア,星野源,POP VIRUS,WPCB2025,Playlist,JPVI01885660,1444990839
塊オンザロック～メインテーマ,田中　雅之,塊フォルテッシモ魂,WPCB2025,Playlist,,i.eo8xXc1k40X
塊オンザスウィング,松崎しげる,みんな大好き塊魂 オリジナル・サウンドトラック「塊は魂」,WPCB2025,Playlist,,i.4YkVVHL2El4
The Hand That Feeds,ナイン・インチ・ネイルズ,With Teeth,WPCB2025,Playlist,USIR10500420,1440852198
サンフェーデッド,初星学園 & 篠澤 広,サンフェーデッド - Single,WPCB2025,Playlist,JPX832500472,1825279997
Horizon Dreamer,三浦大知,Horizon Dreamer - Single,WPCB2025,Playlist,JPB602402939,1770224265
Invisible,デュラン・デュラン,Future Past,WPCB2025,Playlist,QMRSZ2101131,1596712499
Minus Sixty One,Woodkid,WOODKID FOR DEATH STRANDING 2: ON THE BEACH,WPCB2025,Playlist,FRUM72000673,1818147352
DIVER,"やくしまるえつこ, 塊魂 シリーズ SOUND TEAM & Bandai Namco Game Music",『ワンス・アポン・ア・塊魂』オリジナルサウンドトラック-かたまりのまにまに,WPCB2025,Playlist,JPX832500768,1849843232
彗星日和 (feat. suis from ヨルシカ),"塊魂, 塊魂 シリーズ SOUND TEAM & Bandai Namco Game Music",『ワンス・アポン・ア・塊魂』オリジナルサウンドトラック-かたまりのまにまに,WPCB2025,Playlist,JPX832500762,1849842681
Adrenaline 2025 (Big Giant Circles Remix),Big Giant Circles,Call of Duty®: Black Ops 7 (Original Soundtrack),WPCB2025,Playlist,QZZ8B2545713,1848341019
I Was Born To Love You (2011 Remaster),クイーン,Queen Jewels,WPCB2026,Playlist,GBUM71030079,1440816497
1000のバイオリン,ザ・ブルーハーツ,1000のバイオリン - EP,WPCB2026,Playlist,JPAM09201895,i.Xrzt1vgB3
黒くぬれ!,ザ・ローリング・ストーンズ,Aftermath (US Version),WPCB2026,Playlist,USA171010213,1440745782
ギミー・シェルター (Remastered 2019),ザ・ローリング・ストーンズ,Let It Bleed (Remastered 2019),WPCB2026,Playlist,USA171910010,1500642840
Hello There,チープ・トリック,In Color,WPCB2026,Playlist,USSM19802519,1022580514
The Magic Number,デ・ラ・ソウル,The Magic Number - Single,WPCB2026,Playlist,QMMEH2200048,1664523638
Bright Burning Shout,西川 貴教,Bright Burning Shout - EP,WPCB2026,Playlist,JPU901704157,1536275182
ヴァイトマンツ ハイル,ラムシュタイン,Liebe ist für alle da (Special Version),WPCB2026,Playlist,DEMH50900003,1442865887
In Cold Blood,alt-J,Relaxer,WPCB2026,Playlist,GB5KW1700501,1441029299
東亞 Stage1,CAVE,怒首領蜂 大往生 BLACK LABEL EXTRA,WPCB2026,Playlist,,i.m5lkTAlmRX
ちゅだい - Chxxai,Creepy Nuts,LEGION,WPCB2026,Playlist,JPU902500193,1793489142
Firestarter,FreeStyle Games,DJ HERO2 Original Soundtrack,WPCB2026,Playlist,,i.ld5KEUX8zKZ
Galvanize,Scratch Perverts,DJ HERO2 Original Soundtrack,WPCB2026,Playlist,,i.GEaQ1IOPEK6
You And Me,Attack Attack,Guitar Hero 5,WPCB2026,Playlist,,i.RBqZDT31p2x
環七フィーバー,Guitar Wolf,MISSILE ME REVISITED,WPCB2026,Playlist,JPB530200103,344469048
All I Want,The Offspring,クレイジータクシー,WPCB2026,Playlist,USSM19603685,1440901683
Xanadu Stage2-B,千葉 梓,怒首領蜂大復活ブラックレーベル オリジナルサウンドトラック,WPCB2026,Playlist,,i.RBxaDt31p2x
Operation X,PROJECT ACES & Bandai Namco Game Music,エースコンバットX スカイズ・オブ・デセプション オリジナルサウンドトラック,WPCB2026,Playlist,JPX832501041,1862657076
AIZO,King Gnu,AIZO - Single,WPCB2026,Playlist,JPU902504639,1860538548
Area 4 and Uranus [Giga],UGA,Rez Game Sound Data,WPCB2026,Playlist,,i.JLQkeSlb16e
Area 1 and Earth [Giga],UGA,Rez Game Sound Data,WPCB2026,Playlist,,i.XMd3XU1vgB3
顔,Ave Mujica,Completeness,WPCB2026,Playlist,JPR562500066,1807242084
KiLLKiSS,Ave Mujica,Completeness,WPCB2026,Playlist,JPR562400486,1807241689
You Can't Run From Me (from Cyberpunk: Edgerunners Season 2),Rico Nasty,You Can't Run From Me (from Cyberpunk: Edgerunners 2) - Single,WPCB2026,Playlist,USQX92603687,6784453303
Spirit of the Night,Tesla Boy,The Tesla Boy - EP,.DP2,Playlist,GBYWB0900018,327261789
Who Knows,Protoje & Chronixx,Ancient Future,.DP2,Playlist,GBCLQ1502052,1814333351
Smokey Joe's La La,Googie Rene,Smokey Joe's La La - Single,.DP2,Playlist,USAT21701223,1543411086
B-A-B-Y (Bonus Track) [Bonus Track],カーラ・トーマス,Walkin' The Dog,.DP2,Playlist,USACU0504861,504956145
Hocus Pocus (US single version),Focus,Ship of Memories,.DP2,Playlist,NLC287300046,96839597
I Like It Like That,ピート・ロドリゲス,"We Like It Like That: The Story of Latin Boogaloo, Vol. 1 (Original Motion Picture Soundtrack)",.DP2,Playlist,USDBB0600184,1465799115
You're Not Pretty But You Got It Goin' On (Live Version),Band of Skulls,"Other Voices: Series 10, Vol. 1 (Live)",.DP2,Playlist,,i.XRdl8T1vgB3
What I'm Made Of...,Crush 40,The Best Of Crush 40: Super Sonic Songs,.DP2,Playlist,,i.WmQMvFaxKeq
Fly Away -Mix Del Matador- (Naotyu- Remix),Naotyu- Feat. B,D12,.DP2,Playlist,,i.RBDxgH31p2x
GAIA -GITADORA EDITION-,猫叉L.E.D.Master+,私立BEMANI学園 ORIGINAL SOUNDTRACK,.DP2,Playlist,,i.GE781tOPEK6
混ぜるな危険,筋肉少女帯,混ぜるな危険,.DP2,Playlist,,i.DQ542U5R81p
一刀繚乱,Fate/grand order,一刀繚乱 - Single,.DP2,Playlist,,i.Rv5dvU31p2x
1000のバイオリン(カバー),THE ROLLING GIRLS,TVアニメ「ローリング☆ガールズ」主題歌集 THE ROLLING GIRLS 「人にやさしく」 - EP,.DP2,Playlist,JPPC01402841,955397802
Fire Your Guns,AC/DC,The Razors Edge,.DP2,Playlist,AUAP09000015,574051549
"kid, I like quartet",UNISON SQUARE GARDEN,Populus Populus,.DP2,Playlist,JPTF01103602,446040431
...And Justice For All (Live),メタリカ,Metallica Through the Never (Music From the Motion Picture),.DP2,Playlist,QMKHM1300009,1440872851
Soul Wars,エイウォルネイション,Megalithic Symphony,.DP2,Playlist,USP6L1000062,422478204
Medicate,AFI,Medicate - Single,.DP2,Playlist,,331593824
SUZY AND THE TIME MACHINE,Thomas Howard Lichtenstein,GUITARFREAKS & drummania BEST TRACKS,.DP2,Playlist,,i.DVz0NS5R81p
In The Breeze -80's Mix-,96 & SOTA,BEMANI SUMMER DIARY 2015 ORIGINAL SOUNDTRACK,.DP2,Playlist,,i.DQaKGu5R81p
リライト (2016),ASIAN KUNG-FU GENERATION,ソルファ (2016),.DP2,Playlist,,1168491808
Dead End Friends,Them Crooked Vultures,Them Crooked Vultures,.night,Playlist,USRW30900006,1237748997
PreDAWN -wac relying on 堀澤麻衣子-,wac,電人K,.night,Playlist,,i.mmYbPFAlmRX
月姫,Type-Moon,月姫,.night,Playlist,,i.l25PtX8zKZ
You Know My Name,クリス・コーネル,You Know My Name - Single,.night,Playlist,,206059227
Last Burning (SLAKE Remix),Dirty Androids,Wanderlust,.night,Playlist,,i.eodWBt1k40X
Black Hole Sun,Soundgarden,Telephantasm,.night,Playlist,,13641691
Ending - This is My Happiness,Naofumi Hataya,Space Channel 5 Part 2 Soundtrack Vol. Hey!!,.night,Playlist,,i.RvZ1gS31p2x
Skyfall,アデル,Skyfall - Single,.night,Playlist,GBBKS1200164,566322365
SHINING LINE*,わか・ふうり・すなお from STAR☆ANIS,SHINING LINE* / Precious ,.night,Playlist,,i.lmG1lUX8zKZ
Radio Protector,65daysofstatic,Radio Protector - EP,.night,Playlist,GBNTT0600131,275878926
Supermoon,65daysofstatic,No Man's Sky: Music for an Infinite Universe (Original Soundtrack),.night,Playlist,US3M51641002,1745068022
空,音無小鳥 (滝田樹里),THE IDOLM@STER CINDERELLA GIRLS ANIMATION PROJECT 01 Star!! - EP,.night,Playlist,,i.DV9x1S5R81p
ガガーリン,Nona Reeves,FOREVER FOREVER,.night,Playlist,JPS801403742,880913290
Dangervisit,Archive,"Controlling Crowds, Pts. I-III (Limited Edition)",.night,Playlist,GBEYA0800114,385077966
ディアブロ,水曜日のカンパネラ,トライアスロン - Single,.night,Playlist,JPB821500220,980198940
Everlong,フー・ファイターズ,The Colour and the Shape,.night,Playlist,,i.RJoWT31p2x
Path,アポカリプティカ,Death Stranding (Songs from the Video Game),.night,Playlist,DEN120001867,1496871872
A Neon Glow Lights the Way,Garoad,VA-11 Hall-A (Original Soundtrack: Second Round),.night,Playlist,USHM91675836,1190745096
Commencing Simulation,Garoad,VA-11 Hall-A (Original Soundtrack: Second Round),.night,Playlist,USHM91675839,1190745099
Drive Me Wild,Garoad,VA-11 Hall-A (Original Soundtrack: Second Round),.night,Playlist,USHM91675840,1190745192
"Good for Health, Bad for Education",Garoad,VA-11 Hall-A (Original Soundtrack: Second Round),.night,Playlist,USHM91675841,1190745193
Snowfall (Senzafine Remix) [Bonus Track],Garoad,Va-11 Hall-A Ex: Bonus Tracks Collection,.night,Playlist,USL4Q1731480,1321646231
Your Love Is a Drug (Insaneintherain Arrange) [Bonus Track],Garoad,Va-11 Hall-A Ex: Bonus Tracks Collection,.night,Playlist,USL4Q1731485,1321646236
Saturday Night Love -Phunk Disco Mix-,Sota Fujimori,SYNTHESIZED,.night,Playlist,,i.eoVkWh1k40X
Protect You (KENSINGTON AND HAUS Remix),環ROY & KENSINGTON AND HAUS,Protect You (KENSINGTON AND HAUS Remix) - Single,1WP22,Playlist,JPJ902110800,1588915231
Tonight United,デュラン・デュラン,FUTURE PAST (Deluxe),1WP22,Playlist,QMRSZ2101010,1607812682
On Top,Dan Croll,On Top - EP,1WP22,Playlist,GB6TW2100050,1561130216
How to Feel,Zuli Jr.,How to Feel - Single,1WP22,Playlist,QMBZ92021601,1541252345
You Can Get It,Arkells & ケイ・フレイ,You Can Get It - Single,1WP22,Playlist,CAGGP2100001,1556952364
エロティカ・セブン EROTICA SEVEN,サザンオールスターズ,海のYeah!!,1WP22,Playlist,JPVI09313120,949272147
(I Feel Like) Busting Loose,REBIRTH BRASS BAND,Ultimate Rebirth Brass Band,1WP22,Playlist,US3U50400219,301565714
Goodbye Mr A,The Hoosiers,Top Gear: Anthems 2008 [Disc 1],1WP22,Playlist,GBARL0701000,266232603
Shout It Out Loud,KISS,The Very Best of Kiss,1WP22,Playlist,USPR37609140,1440658683
Marionette,BOφWY,"The Best ""Story""",1WP22,Playlist,,i.Rv8Pvf31p2x
ア・ハード・デイズ・ナイト,ビートルズ,1,1WP22,Playlist,GBUM71505887,1440833544
Ace of Spades,モーターヘッド,Ace of Spades (Expanded Edition),1WP22,Playlist,GBAJE8000033,1439443121
ハロー・グッドバイ (2009 - Remaster),ビートルズ,Magical Mystery Tour,1WP22,Playlist,GBAYE0601639,1441163755
Waidmanns Heil,Rammstein,Liebe Ist Für Alle Da,1WP22,Playlist,,i.b1Z30Ckb7Gz
Smells Like Teen Spirit,Nirvana,Guitar Hero 5,1WP22,Playlist,,i.mmqpeiAlmRX
Super battle breaks DJ BATTLE,DJ Qbert,DJ HERO2 Original Soundtrack,1WP22,Playlist,,i.GEzX1tOPEK6
April Showers,Proleter,Curses from Past Times,1WP22,Playlist,FRP621313380,1749315117
Borderland,川田まみ,Borderland - EP,1WP22,Playlist,JPPI01251480,1804624113
Scripted Connection⇒ -original extended-,DJ MURASAME,beatmania IIDX12 HAPPY SKY ORIGINAL SOUNDTRACK [Disc 1],1WP22,Playlist,,i.DN9gS5R81p
Wherever I May Roam,メタリカ,Metallica (Deluxe Box Set),1WP22,Playlist,QMKHM1900005,1571984660
ココロオドル -original version-,nobodyknows+,ココロオドル - EP,1WP22,Playlist,JPN300400501,1536899261
